{
  "project_info": {
    "project_number": "964592444216",
    "firebase_url": "https://bullsrent-a3bed.firebaseio.com",
    "project_id": "bullsrent-a3bed",
    "storage_bucket": "bullsrent-a3bed.appspot.com"
  },
  "client": [
    {
      "client_info": {
        "mobilesdk_app_id": "1:964592444216:android:05d18814e5eea42d5e17cd",
        "android_client_info": {
          "package_name": "com.example.bullsrent"
        }
      },
      "oauth_client": [
        {
          "client_id": "964592444216-6tn83kl455cb5lhbdv60ug84cml2p4r5.apps.googleusercontent.com",
          "client_type": 1,
          "android_info": {
            "package_name": "com.example.bullsrent",
            "certificate_hash": "07e50c383e73b91f3fa594c739e330be6153d6a3"
          }
        },
        {
          "client_id": "964592444216-b2prjggdc64l6pp871dh7k0jfleoude4.apps.googleusercontent.com",
          "client_type": 3
        }
      ],
      "api_key": [
        {
          "current_key": "AIzaSyCmsyxdVx6Ef7lSwgQI4eO6vvbOnvUwzoM"
        }
      ],
      "services": {
        "appinvite_service": {
          "other_platform_oauth_client": [
            {
              "client_id": "964592444216-b2prjggdc64l6pp871dh7k0jfleoude4.apps.googleusercontent.com",
              "client_type": 3
            }
          ]
        }
      }
    }
  ],
  "configuration_version": "1"
}